-- phpMyAdmin SQL Dump
-- version 5.2.1
-- https://www.phpmyadmin.net/
--
-- Хост: 127.0.0.1
-- Час створення: Лип 08 2025 р., 10:52
-- Версія сервера: 10.4.32-MariaDB
-- Версія PHP: 8.2.12

SET SQL_MODE = "NO_AUTO_VALUE_ON_ZERO";
START TRANSACTION;
SET time_zone = "+00:00";


/*!40101 SET @OLD_CHARACTER_SET_CLIENT=@@CHARACTER_SET_CLIENT */;
/*!40101 SET @OLD_CHARACTER_SET_RESULTS=@@CHARACTER_SET_RESULTS */;
/*!40101 SET @OLD_COLLATION_CONNECTION=@@COLLATION_CONNECTION */;
/*!40101 SET NAMES utf8mb4 */;

--
-- База даних: `catrige`
--

-- --------------------------------------------------------

--
-- Структура таблиці `catriges`
--

CREATE TABLE `catriges` (
  `id` int(11) NOT NULL,
  `barcode` varchar(20) DEFAULT NULL,
  `name_catrige` varchar(256) DEFAULT NULL,
  `mark` varchar(256) DEFAULT NULL,
  `user` varchar(256) DEFAULT NULL,
  `printer` varchar(256) DEFAULT NULL,
  `status_catrige` varchar(256) DEFAULT NULL,
  `date_time` timestamp NOT NULL DEFAULT current_timestamp() ON UPDATE current_timestamp(),
  `user_id` int(11) DEFAULT NULL
) ENGINE=InnoDB DEFAULT CHARSET=utf8mb4 COLLATE=utf8mb4_general_ci;

--
-- Дамп даних таблиці `catriges`
--

INSERT INTO `catriges` (`id`, `barcode`, `name_catrige`, `mark`, `user`, `printer`, `status_catrige`, `date_time`, `user_id`) VALUES
(1, '17', ' CA21058', 'V-L-C728A', 'Лабораторія', 'MF4430', 'Новий', '2005-04-22 21:00:00', NULL),
(2, '00000024', 'СФ20190620', 'V-L-C052X', 'Кононська РА', 'MF428', 'Списано', '2024-09-09 12:24:15', NULL),
(3, '31', 'Patron', 'ML2015', 'Борисенко ІВ', 'ML-2015', 'Заправка', '2005-04-22 21:00:00', NULL),
(4, '48', 'BASF', 'CRG737', 'Бухгалтерія', 'Сanon 226', 'Заправка', '2005-04-22 21:00:00', NULL),
(5, '55', 'Colorway', '435', 'Мельнічук В', '', 'Заправка', '2005-04-22 21:00:00', NULL),
(6, '00000062', 'H259XK003UKDPNTDOOIAP005', 'BASF 57', 'Торговий', '', 'Повернуто з заправки', '2025-05-05 12:50:02', NULL),
(7, '79', 'NewTone', 'P1102', 'Мельнічук В', '', 'Заправка', '2005-04-22 21:00:00', NULL),
(8, '86', 'HP original', '12A', 'Валієва ЛМ', '', 'Заправка', '2005-04-22 21:00:00', NULL),
(9, '93', 'HP original', '12A', 'Валієва ЛМ', '', 'Заправка', '2005-04-22 21:00:00', NULL),
(10, '00000116', '22016080056AB', '283', 'Бухгалтерія', '', 'На заправку', '2024-08-19 05:37:59', NULL),
(11, '00000109', '22016080056AB', '283', 'Бухгалтерія', '', 'На заправку', '2024-08-19 05:38:05', NULL),
(12, '00000130', ' СФ21024', '737', 'кадри', '', 'Повернуто з заправки', '2025-04-11 08:51:46', NULL),
(13, '00000123', 'колорвей', '737', 'кадри', '', 'На заправку', '2024-08-19 05:38:17', NULL),
(14, '00000147', '', '435', 'склад/мельничук', '', 'На заправку', '2024-08-19 05:38:23', NULL),
(15, '00000154', 'колорвей', '728', 'Лабораторія', '', 'На заправку', '2024-08-19 05:38:28', NULL),
(16, '48', 'BASF', 'CRG737', 'Бухгалтерія', 'Сanon 226', 'На заправку', '2025-04-22 21:00:00', NULL),
(17, '17', ' CA21058', 'V-L-C728A', 'Лабораторія', '', 'На заправку', '2025-04-22 21:00:00', NULL),
(18, '00000161', 'Canon 057', '', 'Торговий', '', 'Повернуто з заправки', '2025-04-03 13:34:02', NULL),
(20, '', 'Brother 7032', '', 'Склад ', '', 'На заправку', '0000-00-00 00:00:00', NULL),
(21, '', 'Canon 052', '', 'Пост №1', '', 'На заправку', '0000-00-00 00:00:00', NULL),
(22, '00000505', '52', '', 'Техвідділ', '', 'Повернуто з заправки', '2025-04-11 08:52:41', NULL),
(24, '00000154', 'колорвей', '728', 'Лабораторія', '', 'Заправка', '2024-08-19 05:38:45', NULL),
(25, '00000116', '22016080056AB', '283', 'Бухгалтерія', '', 'Заправка', '2024-08-19 05:38:50', NULL),
(26, '00000109', '22016080056AB', '283', 'Бухгалтерія', '', 'Заправка', '2024-08-19 05:38:55', NULL),
(27, '48', 'BASF', 'CRG737', 'Бухгалтерія', 'Сanon 226', 'Заправка', '0000-00-00 00:00:00', NULL),
(28, '17', ' CA21058', 'V-L-C728A', 'Лабораторія', '', 'Заправка', '0000-00-00 00:00:00', NULL),
(29, '00000147', '', '435', 'склад/мельничук', '', 'Заправка', '2024-08-19 05:39:06', NULL),
(30, '00000123', 'колорвей', '737', 'кадри', '', 'Заправка', '2024-08-19 05:39:26', NULL),
(32, '00000185', '', '', 'Обіходенко', '', 'Повернуто з заправки', '2025-02-05 11:47:20', NULL),
(33, '00000208', '', '', 'Лісничук', '', '', '2024-08-19 05:39:42', NULL),
(34, '00000215', '', '283', 'Кадри', '', 'Відправлено на заправку', '2025-02-17 10:31:30', NULL),
(35, '00000222', '', '703', 'Баліцька', '', 'Відправлено на заправку', '2025-06-10 11:53:33', NULL),
(36, '00000499', 'NewTone', '737', 'Юридичний відділ', 'Canon mf210', 'Відправлено на заправку', '2025-06-10 11:52:56', NULL),
(37, '00000239', 'newtone', '737', 'Кадри', 'Canon mf 220', 'Відправлено на заправку', '2024-10-29 14:26:37', NULL),
(38, '00000246', '', '12A', 'Валієва ЛМ', '', 'Повернуто з заправки', '2025-05-28 08:08:59', NULL),
(39, '00000451', '', '737', 'Бухгалтерія', '', '', '2024-08-19 05:40:10', NULL),
(40, '00000444', 'BASF', '057H', 'Торговий', 'Canon mf 429', 'Повернуто з заправки', '2025-04-01 11:53:49', NULL),
(41, '00000437', '', '', 'Обіходенко', '', '', '2024-08-19 05:40:19', NULL),
(42, '00000420', '', '', 'Валієва ЛМ', '', 'Відправлено на заправку', '2024-12-18 14:22:55', NULL),
(43, '00000413', '', '', 'Бухгалтерія', '', '', '2024-08-19 05:40:29', NULL),
(44, '00000291', '52', '052Н', 'Техвідділ', '', 'Повернуто з заправки', '2025-04-11 08:38:55', NULL),
(45, '00000406', 'ColorWay', '12A', 'Баліцька', '', 'Повернуто з заправки', '2025-01-16 13:26:05', NULL),
(46, '00000390', '', '12A', 'Валієва ЛМ', '', '', '2024-08-19 05:40:45', NULL),
(47, '00000383', '', 'Tube', 'XEROX 1025', '', '', '2024-08-19 05:40:50', NULL),
(48, '00000345', '', 'BASF Tube', 'XEROX 1025', '', '', '2024-08-19 05:40:55', NULL),
(49, '00000253', 'test', 'test', 'test', 'test', 'Відправлено на заправку', '2024-08-15 13:36:33', NULL),
(50, '00000321', '', '12A', 'Відділ кадрів/Валієва', 'HP LaserJet p1005', 'Повернуто з заправки', '2024-11-14 09:48:33', NULL),
(51, '00000314', 'HP', '12A', 'Єкспорт/Каневський', 'HP LaserJet p1005', 'Повернуто з заправки', '2025-05-21 13:48:31', NULL),
(52, '00000277', 'HP', '12A', 'Єкспорт/Каневський', 'HP LaserJet p1005', 'Повернуто з заправки', '2025-05-28 08:08:05', NULL),
(53, '00000338', 'HP', '83A', 'Відділ кадрів', 'Canon MF 220', 'Відправлено на заправку', '2025-04-11 08:51:06', NULL),
(54, '00000307', NULL, '052', 'відділ експорту/Загреьельна С. Р.', 'Canon mf 428', 'Повернуто з заправки', '2025-04-01 11:55:28', NULL),
(55, '00000352', 'NewTone', 'HL-2140/2150', 'Склад запчатин', 'Brother', 'Відправлено на заправку', '2025-07-07 08:46:48', NULL),
(56, '00000376', 'NewTone', 'LCE45E 4200/4220', 'Склад плівки', 'Samsung scx-4200', NULL, '2024-08-26 07:22:55', NULL),
(57, '00000369', 'NewTone', 'LJ P1102/M1132', 'Склад готової продукції', 'HP LaserJet p1002', 'Повернуто з заправки', '2024-09-09 12:22:05', NULL),
(58, '00000475', NULL, 'CE278A', 'Лабораторія', 'Canon ', 'Відправлено на заправку', '2024-10-01 07:07:50', NULL),
(59, '00000512', 'Color Way', 'CW-HO2612', 'Баліцька', NULL, 'Повернуто з заправки', '2025-05-05 12:48:39', NULL),
(60, '00000581', '', 'CF226A', 'відділ експорту/Загреьельна С. Р.', 'MF428', 'Повернуто з заправки', '2025-06-05 13:36:21', NULL),
(61, '00000529', 'xerox', 'NL-5928 RC', 'охорона Пост №2', 'xerox', 'Повернуто з заправки', '2024-11-12 08:16:02', NULL),
(62, '00000574', 'newtone', 'CRG737', 'Юридичний відділ', 'Canon mf 210', 'Повернуто з заправки', '2024-11-14 09:52:17', NULL),
(63, '00000567', 'BASF', 'CGR737', 'Юридичний відділ', 'Canon mf 210', 'Відправлено на заправку', '2024-12-09 14:08:03', NULL),
(64, '00000529', '737', 'Canon', 'Єкспорт/Каневський', 'Canon 237', 'Повернуто з заправки', '2025-03-05 13:57:40', NULL),
(65, '00000536', 'hp', '12a', 'Валієва', NULL, 'Повернуто з заправки', '2025-03-05 13:56:48', NULL),
(66, '00000543', 'Basf', '052H', 'Технічний відділ', 'Canon mf421', 'Повернуто з заправки', '2025-03-26 13:11:07', NULL),
(67, '00000598', NULL, 'P1022', 'Торговий/Максим', 'HP LaserJet P1022', 'Повернуто з заправки', '2025-04-03 13:33:18', NULL),
(68, '00000604', 'Canon 052', '052', 'Тех відділ', 'Canon mf 421', 'Повернуто з заправки', '2025-05-21 13:47:19', NULL);

-- --------------------------------------------------------

--
-- Структура таблиці `history_catriges`
--

CREATE TABLE `history_catriges` (
  `id` int(11) NOT NULL,
  `id_catrige` int(11) DEFAULT NULL,
  `status_catrige` varchar(256) DEFAULT NULL,
  `date_time` timestamp NOT NULL DEFAULT current_timestamp() ON UPDATE current_timestamp(),
  `user_id` int(11) DEFAULT NULL
) ENGINE=InnoDB DEFAULT CHARSET=utf8mb4 COLLATE=utf8mb4_general_ci;

--
-- Дамп даних таблиці `history_catriges`
--

INSERT INTO `history_catriges` (`id`, `id_catrige`, `status_catrige`, `date_time`, `user_id`) VALUES
(1, 49, 'Відправлено на заправку', '2024-08-15 13:32:54', NULL),
(2, 49, 'Повернуто з заправки', '2024-08-15 13:33:01', NULL),
(3, 49, 'Відправлено на заправку', '2024-08-15 13:33:17', NULL),
(4, 49, 'Повернуто з заправки', '2024-08-15 13:36:20', NULL),
(5, 49, 'Відправлено на заправку', '2024-08-15 13:36:24', NULL),
(6, 49, 'Повернуто з заправки', '2024-08-15 13:36:29', NULL),
(7, 49, 'Відправлено на заправку', '2024-08-15 13:36:33', NULL),
(8, 51, 'Відправлено на заправку', '2024-08-20 07:05:37', NULL),
(9, 52, 'Відправлено на заправку', '2024-08-20 08:22:14', NULL),
(10, 52, 'Повернуто з заправки', '2024-08-20 08:22:20', NULL),
(11, 53, 'Відправлено на заправку', '2024-08-20 08:24:34', NULL),
(12, 53, 'Повернуто з заправки', '2024-08-20 08:24:40', NULL),
(13, 12, 'Відправлено на заправку', '2024-08-20 08:25:54', NULL),
(14, 12, 'Повернуто з заправки', '2024-08-20 08:26:02', NULL),
(15, 40, 'Відправлено на заправку', '2024-08-20 08:26:39', NULL),
(16, 40, 'Повернуто з заправки', '2024-08-20 08:26:46', NULL),
(17, 53, 'Відправлено на заправку', '2024-08-20 08:56:14', NULL),
(18, 2, 'Відправлено на заправку', '2024-08-21 08:36:02', NULL),
(19, 54, 'Відправлено на заправку', '2024-08-21 11:20:53', NULL),
(20, 37, 'Відправлено на заправку', '2024-08-22 07:47:26', NULL),
(21, 55, 'Відправлено на заправку', '2024-08-23 11:44:00', NULL),
(22, 54, 'Повернуто з заправки', '2024-08-27 13:12:07', NULL),
(23, 6, 'Відправлено на заправку', '2024-09-04 09:22:37', NULL),
(24, 57, 'Відправлено на заправку', '2024-09-04 12:10:51', NULL),
(25, 37, 'Повернуто з заправки', '2024-09-04 13:41:35', NULL),
(26, 51, 'Повернуто з заправки', '2024-09-04 13:42:17', NULL),
(27, 53, 'Повернуто з заправки', '2024-09-04 13:42:45', NULL),
(28, 55, 'Повернуто з заправки', '2024-09-04 13:43:30', NULL),
(29, 55, 'Відправлено на заправку', '2024-09-05 05:58:29', NULL),
(30, 45, 'Відправлено на заправку', '2024-09-05 06:19:56', NULL),
(31, 36, 'Відправлено на заправку', '2024-09-05 08:59:08', NULL),
(32, 45, 'Повернуто з заправки', '2024-09-09 12:20:54', NULL),
(33, 36, 'Повернуто з заправки', '2024-09-09 12:21:14', NULL),
(34, 55, 'Повернуто з заправки', '2024-09-09 12:21:42', NULL),
(35, 57, 'Повернуто з заправки', '2024-09-09 12:22:05', NULL),
(36, 6, 'Повернуто з заправки', '2024-09-09 12:23:16', NULL),
(37, 2, 'Повернуто з заправки', '2024-09-09 12:24:00', NULL),
(38, 2, 'Списано', '2024-09-09 12:24:15', NULL),
(39, 55, 'Відправлено на заправку', '2024-09-20 08:00:51', NULL),
(40, 40, 'Відправлено на заправку', '2024-09-24 06:29:13', NULL),
(41, 58, 'Відправлено на заправку', '2024-10-01 07:07:50', NULL),
(42, 40, 'Повернуто з заправки', '2024-10-02 13:46:47', NULL),
(43, 55, 'Повернуто з заправки', '2024-10-02 13:47:58', NULL),
(44, 22, 'Відправлено на заправку', '2024-10-03 06:09:19', NULL),
(45, 6, 'Відправлено на заправку', '2024-10-14 14:24:29', NULL),
(46, 44, 'Відправлено на заправку', '2024-10-17 11:23:51', NULL),
(47, 22, 'Повернуто з заправки', '2024-10-17 12:24:14', NULL),
(48, 6, 'Повернуто з заправки', '2024-10-17 12:26:07', NULL),
(49, 59, 'Відправлено на заправку', '2024-10-17 13:08:20', NULL),
(50, 34, 'Відправлено на заправку', '2024-10-18 06:43:31', NULL),
(51, 53, 'Відправлено на заправку', '2024-10-18 06:43:58', NULL),
(52, 60, 'Відправлено на заправку', '2024-10-29 08:20:31', NULL),
(53, 54, 'Відправлено на заправку', '2024-10-29 09:17:49', NULL),
(54, 59, 'Повернуто з заправки', '2024-10-29 14:02:58', NULL),
(55, 44, 'Повернуто з заправки', '2024-10-29 14:03:42', NULL),
(56, 34, 'Повернуто з заправки', '2024-10-29 14:04:21', NULL),
(57, 53, 'Повернуто з заправки', '2024-10-29 14:05:00', NULL),
(58, 37, 'Відправлено на заправку', '2024-10-29 14:26:37', NULL),
(59, 60, 'Повернуто з заправки', '2024-11-05 09:25:48', NULL),
(60, 54, 'Повернуто з заправки', '2024-11-05 09:26:14', NULL),
(61, 22, 'Відправлено на заправку', '2024-11-05 09:38:04', NULL),
(62, 40, 'Відправлено на заправку', '2024-11-06 07:45:24', NULL),
(63, 61, 'Відправлено на заправку', '2024-11-06 09:09:02', NULL),
(64, 50, 'Відправлено на заправку', '2024-11-11 09:41:43', NULL),
(65, 62, 'Відправлено на заправку', '2024-11-11 15:16:36', NULL),
(66, 40, 'Повернуто з заправки', '2024-11-12 08:15:41', NULL),
(67, 61, 'Повернуто з заправки', '2024-11-12 08:16:02', NULL),
(68, 50, 'Повернуто з заправки', '2024-11-14 09:48:33', NULL),
(69, 22, 'Повернуто з заправки', '2024-11-14 09:51:08', NULL),
(70, 62, 'Повернуто з заправки', '2024-11-14 09:52:17', NULL),
(71, 22, 'Відправлено на заправку', '2024-11-14 10:16:18', NULL),
(72, 6, 'Відправлено на заправку', '2024-11-28 07:52:25', NULL),
(73, 6, 'Повернуто з заправки', '2024-12-04 15:03:22', NULL),
(74, 36, 'Відправлено на заправку', '2024-12-09 08:51:22', NULL),
(75, 63, 'Відправлено на заправку', '2024-12-09 14:08:03', NULL),
(76, 36, 'Повернуто з заправки', '2024-12-12 08:07:39', NULL),
(77, 42, 'Відправлено на заправку', '2024-12-18 14:22:55', NULL),
(78, 44, 'Відправлено на заправку', '2025-01-08 15:10:30', NULL),
(79, 36, 'Відправлено на заправку', '2025-01-13 08:38:16', NULL),
(80, 22, 'Повернуто з заправки', '2025-01-13 09:05:04', NULL),
(81, 45, 'Відправлено на заправку', '2025-01-13 12:40:34', NULL),
(82, 34, 'Відправлено на заправку', '2025-01-15 13:10:34', NULL),
(83, 53, 'Відправлено на заправку', '2025-01-15 13:11:05', NULL),
(84, 36, 'Повернуто з заправки', '2025-01-16 13:24:23', NULL),
(85, 45, 'Повернуто з заправки', '2025-01-16 13:26:05', NULL),
(86, 44, 'Повернуто з заправки', '2025-01-16 13:26:57', NULL),
(87, 53, 'Повернуто з заправки', '2025-01-23 09:17:57', NULL),
(88, 34, 'Повернуто з заправки', '2025-01-23 09:18:15', NULL),
(89, 60, 'Відправлено на заправку', '2025-01-28 08:08:26', NULL),
(90, 40, 'Відправлено на заправку', '2025-01-28 09:06:46', NULL),
(91, 32, 'Відправлено на заправку', '2025-01-28 15:07:40', NULL),
(92, 60, 'Повернуто з заправки', '2025-02-05 11:45:44', NULL),
(93, 32, 'Повернуто з заправки', '2025-02-05 11:47:20', NULL),
(94, 40, 'Повернуто з заправки', '2025-02-05 11:47:36', NULL),
(95, 34, 'Відправлено на заправку', '2025-02-17 06:37:12', NULL),
(96, 34, 'Повернуто з заправки', '2025-02-17 06:37:31', NULL),
(97, 60, 'Відправлено на заправку', '2025-02-17 06:37:59', NULL),
(98, 60, 'Повернуто з заправки', '2025-02-17 06:38:07', NULL),
(99, 40, 'Відправлено на заправку', '2025-02-17 06:38:26', NULL),
(100, 40, 'Повернуто з заправки', '2025-02-17 06:38:32', NULL),
(101, 18, 'Відправлено на заправку', '2025-02-17 06:39:33', NULL),
(102, 18, 'Повернуто з заправки', '2025-02-17 06:39:43', NULL),
(104, 18, 'Відправлено на заправку', '2025-02-17 10:30:16', NULL),
(105, 34, 'Відправлено на заправку', '2025-02-17 10:31:30', NULL),
(106, 40, 'Відправлено на заправку', '2025-02-17 10:33:00', NULL),
(107, 40, 'Повернуто з заправки', '2025-02-20 13:45:35', NULL),
(108, 18, 'Повернуто з заправки', '2025-02-25 12:12:57', NULL),
(109, 64, 'Відправлено на заправку', '2025-02-26 08:53:50', NULL),
(110, 65, 'Відправлено на заправку', '2025-02-26 08:57:25', NULL),
(111, 22, 'Відправлено на заправку', '2025-03-05 09:21:55', NULL),
(112, 65, 'Повернуто з заправки', '2025-03-05 13:56:48', NULL),
(113, 64, 'Повернуто з заправки', '2025-03-05 13:57:40', NULL),
(114, 18, 'Відправлено на заправку', '2025-03-12 13:16:18', NULL),
(115, 6, 'Відправлено на заправку', '2025-03-21 13:07:27', NULL),
(116, 6, 'Повернуто з заправки', '2025-03-21 13:07:40', NULL),
(117, 54, 'Відправлено на заправку', '2025-03-26 13:05:28', NULL),
(118, 22, 'Повернуто з заправки', '2025-03-26 13:06:10', NULL),
(119, 22, 'Відправлено на заправку', '2025-03-26 13:06:27', NULL),
(120, 67, 'Відправлено на заправку', '2025-03-27 10:23:07', NULL),
(121, 18, 'Повернуто з заправки', '2025-03-27 12:55:03', NULL),
(122, 18, 'Відправлено на заправку', '2025-03-27 12:55:12', NULL),
(123, 40, 'Відправлено на заправку', '2025-04-01 11:53:46', NULL),
(124, 40, 'Повернуто з заправки', '2025-04-01 11:53:49', NULL),
(125, 22, 'Повернуто з заправки', '2025-04-01 11:54:51', NULL),
(126, 54, 'Повернуто з заправки', '2025-04-01 11:55:28', NULL),
(127, 67, 'Повернуто з заправки', '2025-04-03 13:33:18', NULL),
(128, 18, 'Повернуто з заправки', '2025-04-03 13:34:02', NULL),
(129, 22, 'Відправлено на заправку', '2025-04-08 08:45:33', NULL),
(130, 44, 'Відправлено на заправку', '2025-04-08 08:46:03', NULL),
(131, 44, 'Повернуто з заправки', '2025-04-11 08:38:55', NULL),
(132, 53, 'Відправлено на заправку', '2025-04-11 08:51:06', NULL),
(133, 12, 'Відправлено на заправку', '2025-04-11 08:51:40', NULL),
(134, 12, 'Повернуто з заправки', '2025-04-11 08:51:46', NULL),
(135, 22, 'Повернуто з заправки', '2025-04-11 08:52:41', NULL),
(136, 6, 'Відправлено на заправку', '2025-04-28 09:39:05', NULL),
(137, 59, 'Відправлено на заправку', '2025-04-28 09:40:35', NULL),
(138, 68, 'Відправлено на заправку', '2025-04-28 09:43:43', NULL),
(139, 59, 'Повернуто з заправки', '2025-05-05 12:48:39', NULL),
(140, 68, 'Повернуто з заправки', '2025-05-05 12:49:20', NULL),
(141, 6, 'Повернуто з заправки', '2025-05-05 12:50:02', NULL),
(142, 68, 'Відправлено на заправку', '2025-05-05 14:06:21', NULL),
(143, 51, 'Відправлено на заправку', '2025-05-05 14:06:49', NULL),
(144, 68, 'Повернуто з заправки', '2025-05-21 13:47:19', NULL),
(145, 51, 'Повернуто з заправки', '2025-05-21 13:48:31', NULL),
(146, 60, 'Відправлено на заправку', '2025-05-27 07:21:19', NULL),
(147, 52, 'Відправлено на заправку', '2025-05-28 08:07:58', NULL),
(148, 52, 'Повернуто з заправки', '2025-05-28 08:08:05', NULL),
(149, 38, 'Відправлено на заправку', '2025-05-28 08:08:54', NULL),
(150, 38, 'Повернуто з заправки', '2025-05-28 08:08:59', NULL),
(151, 60, 'Повернуто з заправки', '2025-06-02 08:44:54', NULL),
(152, 60, 'Відправлено на заправку', '2025-06-05 13:36:14', NULL),
(153, 60, 'Повернуто з заправки', '2025-06-05 13:36:21', NULL),
(154, 36, 'Відправлено на заправку', '2025-06-10 11:52:56', NULL),
(155, 35, 'Відправлено на заправку', '2025-06-10 11:53:33', NULL),
(156, 55, 'Відправлено на заправку', '2025-07-07 08:46:48', NULL);

-- --------------------------------------------------------

--
-- Структура таблиці `users`
--

CREATE TABLE `users` (
  `id` int(11) NOT NULL,
  `login` varchar(50) NOT NULL,
  `password` varchar(50) NOT NULL,
  `first_name` varchar(50) DEFAULT NULL,
  `last_name` varchar(50) DEFAULT NULL,
  `status` varchar(50) DEFAULT NULL
) ENGINE=InnoDB DEFAULT CHARSET=utf8mb4 COLLATE=utf8mb4_general_ci;

--
-- Дамп даних таблиці `users`
--

INSERT INTO `users` (`id`, `login`, `password`, `first_name`, `last_name`, `status`) VALUES
(1, 'admin', '1', 'Юрій', 'Кузнецов', 'user'),
(2, 'user', '2', 'Олександр', 'Онищук', 'user');

--
-- Індекси збережених таблиць
--

--
-- Індекси таблиці `catriges`
--
ALTER TABLE `catriges`
  ADD PRIMARY KEY (`id`),
  ADD KEY `fk_catriges_user` (`user_id`);

--
-- Індекси таблиці `history_catriges`
--
ALTER TABLE `history_catriges`
  ADD PRIMARY KEY (`id`),
  ADD KEY `idx_id_catrige` (`id_catrige`),
  ADD KEY `fk_history_user` (`user_id`);

--
-- Індекси таблиці `users`
--
ALTER TABLE `users`
  ADD PRIMARY KEY (`id`);

--
-- AUTO_INCREMENT для збережених таблиць
--

--
-- AUTO_INCREMENT для таблиці `catriges`
--
ALTER TABLE `catriges`
  MODIFY `id` int(11) NOT NULL AUTO_INCREMENT, AUTO_INCREMENT=74;

--
-- AUTO_INCREMENT для таблиці `history_catriges`
--
ALTER TABLE `history_catriges`
  MODIFY `id` int(11) NOT NULL AUTO_INCREMENT, AUTO_INCREMENT=157;

--
-- AUTO_INCREMENT для таблиці `users`
--
ALTER TABLE `users`
  MODIFY `id` int(11) NOT NULL AUTO_INCREMENT, AUTO_INCREMENT=76;

--
-- Обмеження зовнішнього ключа збережених таблиць
--

--
-- Обмеження зовнішнього ключа таблиці `catriges`
--
ALTER TABLE `catriges`
  ADD CONSTRAINT `fk_catriges_user` FOREIGN KEY (`user_id`) REFERENCES `users` (`id`);

--
-- Обмеження зовнішнього ключа таблиці `history_catriges`
--
ALTER TABLE `history_catriges`
  ADD CONSTRAINT `fk_history_catrige` FOREIGN KEY (`id_catrige`) REFERENCES `catriges` (`id`) ON DELETE CASCADE ON UPDATE CASCADE,
  ADD CONSTRAINT `fk_history_user` FOREIGN KEY (`user_id`) REFERENCES `users` (`id`);
COMMIT;

/*!40101 SET CHARACTER_SET_CLIENT=@OLD_CHARACTER_SET_CLIENT */;
/*!40101 SET CHARACTER_SET_RESULTS=@OLD_CHARACTER_SET_RESULTS */;
/*!40101 SET COLLATION_CONNECTION=@OLD_COLLATION_CONNECTION */;
